WKT,LOCATION
"MULTIPOLYGON (((172.559123 -40.161237,174.536662 -40.821286,174.262004 -45.033932,169.499522 -46.910439,165.789056 -45.919664,166.468437 -45.261404,171.879909 -40.566556,172.559123 -40.161237)))",SOUTH ISLAND
